{"ProjectBreakpoints":"{\"Value\":{\"InvokedProcess/Process/05_Send_Mail.xaml\":[{\"ConditionalExpression\":null,\"ActionExpression\":null,\"ExpectedHitCounter\":null,\"ShouldContinueAfterAction\":false,\"IsTransient\":false,\"IsEnabled\":true,\"Id\":\"ba33a7ef-0ed8-4007-9af9-feb345ad7474\",\"ActivityIdRef\":\"If_6\",\"ActivityId\":\"1.6\",\"ActivityName\":\"If\"}],\"InvokedProcess/Process/07_Send_Result_Mail.xaml\":[{\"ConditionalExpression\":null,\"ActionExpression\":null,\"ExpectedHitCounter\":null,\"ShouldContinueAfterAction\":false,\"IsTransient\":false,\"IsEnabled\":true,\"Id\":\"ee53f304-598c-490d-b69e-bbc5881ff7be\",\"ActivityIdRef\":\"If_1\",\"ActivityId\":\"1.6\",\"ActivityName\":\"If\"}]}}","ProjectWatches":"{\"Value\":[]}","OpenedDocuments":"[\"InvokedProcess/Process/01_Default_Setting.xaml\",\"Main.xaml\",\"InvokedProcess/Process/04_Category_Classify.xaml\",\"InvokedProcess/Process/05_Send_Mail.xaml\",\"InvokedProcess/Process/02_Search_News.xaml\"]"}