{"OpenedDocuments":"[\"InvokedProcess/Process/02_Search_News.xaml\",\"Main.xaml\"]","ProjectBreakpoints":"{\"Value\":{\"InvokedProcess/Process/07_Send_Result_Mail.xaml\":[{\"ConditionalExpression\":null,\"ActionExpression\":null,\"ExpectedHitCounter\":null,\"ShouldContinueAfterAction\":false,\"IsTransient\":false,\"IsEnabled\":true,\"Id\":\"2ffd13ff-da13-4bb0-87d1-9795ee10c945\",\"ActivityIdRef\":\"If_1\",\"ActivityId\":\"1.6\",\"ActivityName\":\"If\"}],\"InvokedProcess/Process/05_Send_Mail.xaml\":[{\"ConditionalExpression\":null,\"ActionExpression\":null,\"ExpectedHitCounter\":null,\"ShouldContinueAfterAction\":false,\"IsTransient\":false,\"IsEnabled\":true,\"Id\":\"b7fe8214-b5ab-43b5-b3a4-93a9cbd1a7d9\",\"ActivityIdRef\":\"If_6\",\"ActivityId\":\"1.6\",\"ActivityName\":\"If\"}]}}","ProjectWatches":"{\"Value\":[]}"}